<?xml version="1.0" encoding="UTF-8"?>
<configurationDescriptor version="100">
  <logicalFolder name="root" displayName="root" projectFiles="true" kind="ROOT">
    <logicalFolder name="SourceFiles"
                   displayName="Исходные файлы"
                   projectFiles="true">
      <logicalFolder name="f3" displayName="_мусор" projectFiles="true">
        <itemPath>tdialogdesigner.cpp</itemPath>
      </logicalFolder>
      <logicalFolder name="f6" displayName="Rework" projectFiles="true">
        <itemPath>winputline.cpp</itemPath>
        <itemPath>rework/wstatictext.cpp</itemPath>
      </logicalFolder>
      <logicalFolder name="f1" displayName="Базовые классы" projectFiles="true">
        <itemPath>tcustomdialog.cpp</itemPath>
      </logicalFolder>
      <logicalFolder name="f4" displayName="Классы дизайнера" projectFiles="true">
        <itemPath>tcomponentdialog.cpp</itemPath>
        <itemPath>trialdialog.cpp</itemPath>
        <itemPath>tselectcolordialog.cpp</itemPath>
        <itemPath>ttrialbutton.cpp</itemPath>
        <itemPath>ttrialcheckboxes.cpp</itemPath>
        <itemPath>ttrialdialogbackground.cpp</itemPath>
        <itemPath>ttrialinputline.cpp</itemPath>
        <itemPath>ttriallistbox.cpp</itemPath>
        <itemPath>ttrialradiobuttons.cpp</itemPath>
        <itemPath>ttrialstatictext.cpp</itemPath>
      </logicalFolder>
      <logicalFolder name="f2"
                     displayName="Переопределённые компоненты"
                     projectFiles="true">
        <itemPath>tcolorfield.cpp</itemPath>
        <itemPath>twinextmenu.cpp</itemPath>
        <itemPath>twinsizeindicator.cpp</itemPath>
      </logicalFolder>
      <logicalFolder name="f5"
                     displayName="Редакторы свойств объектов"
                     projectFiles="true">
        <itemPath>tdialogproperties.cpp</itemPath>
        <itemPath>tstatictextproperties.cpp</itemPath>
      </logicalFolder>
      <itemPath>common.cpp</itemPath>
      <itemPath>main.cpp</itemPath>
      <itemPath>tprg.cpp</itemPath>
    </logicalFolder>
    <logicalFolder name="HeaderFiles"
                   displayName="Файлы заголовков"
                   projectFiles="true">
      <logicalFolder name="f3" displayName="_мусор" projectFiles="true">
        <itemPath>tdialogdesigner.h</itemPath>
      </logicalFolder>
      <logicalFolder name="f6" displayName="Rework" projectFiles="true">
        <itemPath>winputline.h</itemPath>
        <itemPath>rework/wstatictext.h</itemPath>
      </logicalFolder>
      <logicalFolder name="f1" displayName="Базовые классы" projectFiles="true">
        <itemPath>tcustomdialog.h</itemPath>
      </logicalFolder>
      <logicalFolder name="f4" displayName="Классы дизайнера" projectFiles="true">
        <itemPath>tcomponentdialog.h</itemPath>
        <itemPath>trialdialog.h</itemPath>
        <itemPath>tselectcolordialog.h</itemPath>
        <itemPath>ttrialbutton.h</itemPath>
        <itemPath>ttrialcheckboxes.h</itemPath>
        <itemPath>ttrialdialogbackground.h</itemPath>
        <itemPath>ttrialinputline.h</itemPath>
        <itemPath>ttriallistbox.h</itemPath>
        <itemPath>ttrialradiobuttons.h</itemPath>
        <itemPath>ttrialstatictext.h</itemPath>
      </logicalFolder>
      <logicalFolder name="f2"
                     displayName="Переопределенные компоненты"
                     projectFiles="true">
        <itemPath>tcolorfield.h</itemPath>
        <itemPath>twinextmenu.h</itemPath>
        <itemPath>twinsizeindicator.h</itemPath>
      </logicalFolder>
      <logicalFolder name="f5"
                     displayName="Редакторы свойств объектов"
                     projectFiles="true">
        <itemPath>tdialogproperties.h</itemPath>
        <itemPath>tstatictextproperties.h</itemPath>
      </logicalFolder>
      <itemPath>common.h</itemPath>
      <itemPath>multilang.h</itemPath>
      <itemPath>tprg.h</itemPath>
    </logicalFolder>
    <logicalFolder name="ResourceFiles"
                   displayName="Файлы ресурсов"
                   projectFiles="true">
    </logicalFolder>
    <logicalFolder name="TestFiles"
                   displayName="Файлы тестов"
                   projectFiles="false"
                   kind="TEST_LOGICAL_FOLDER">
    </logicalFolder>
    <logicalFolder name="ExternalFiles"
                   displayName="Важные файлы"
                   projectFiles="false"
                   kind="IMPORTANT_FILES_FOLDER">
      <itemPath>Makefile</itemPath>
    </logicalFolder>
  </logicalFolder>
  <projectmakefile>Makefile</projectmakefile>
  <confs>
    <conf name="Debug" type="1">
      <toolsSet>
        <compilerSet>default</compilerSet>
        <dependencyChecking>true</dependencyChecking>
        <rebuildPropChanged>false</rebuildPropChanged>
      </toolsSet>
      <compileType>
        <ccTool>
          <preprocessorList>
            <Elem>RUS</Elem>
          </preprocessorList>
        </ccTool>
        <linkerTool>
          <linkerLibItems>
            <linkerLibLibItem>tvision</linkerLibLibItem>
          </linkerLibItems>
        </linkerTool>
      </compileType>
      <item path="common.cpp" ex="false" tool="1" flavor2="0">
      </item>
      <item path="common.h" ex="false" tool="3" flavor2="0">
      </item>
      <item path="main.cpp" ex="false" tool="1" flavor2="0">
      </item>
      <item path="multilang.h" ex="false" tool="3" flavor2="0">
      </item>
      <item path="rework/wstatictext.cpp" ex="false" tool="1" flavor2="0">
      </item>
      <item path="rework/wstatictext.h" ex="false" tool="3" flavor2="0">
      </item>
      <item path="tcolorfield.cpp" ex="false" tool="1" flavor2="0">
      </item>
      <item path="tcolorfield.h" ex="false" tool="3" flavor2="0">
      </item>
      <item path="tcomponentdialog.cpp" ex="false" tool="1" flavor2="0">
      </item>
      <item path="tcomponentdialog.h" ex="false" tool="3" flavor2="0">
      </item>
      <item path="tcustomdialog.cpp" ex="false" tool="1" flavor2="0">
      </item>
      <item path="tcustomdialog.h" ex="false" tool="3" flavor2="0">
      </item>
      <item path="tdialogdesigner.cpp" ex="false" tool="1" flavor2="0">
      </item>
      <item path="tdialogdesigner.h" ex="false" tool="3" flavor2="0">
      </item>
      <item path="tdialogproperties.cpp" ex="false" tool="1" flavor2="0">
      </item>
      <item path="tdialogproperties.h" ex="false" tool="3" flavor2="0">
      </item>
      <item path="tprg.cpp" ex="false" tool="1" flavor2="0">
      </item>
      <item path="tprg.h" ex="false" tool="3" flavor2="0">
      </item>
      <item path="trialdialog.cpp" ex="false" tool="1" flavor2="0">
      </item>
      <item path="trialdialog.h" ex="false" tool="3" flavor2="0">
      </item>
      <item path="tselectcolordialog.cpp" ex="false" tool="1" flavor2="0">
      </item>
      <item path="tselectcolordialog.h" ex="false" tool="3" flavor2="0">
      </item>
      <item path="tstatictextproperties.cpp" ex="false" tool="1" flavor2="0">
      </item>
      <item path="tstatictextproperties.h" ex="false" tool="3" flavor2="0">
      </item>
      <item path="ttrialbutton.cpp" ex="false" tool="1" flavor2="0">
      </item>
      <item path="ttrialbutton.h" ex="false" tool="3" flavor2="0">
      </item>
      <item path="ttrialcheckboxes.cpp" ex="false" tool="1" flavor2="0">
      </item>
      <item path="ttrialcheckboxes.h" ex="false" tool="3" flavor2="0">
      </item>
      <item path="ttrialdialogbackground.cpp" ex="false" tool="1" flavor2="0">
      </item>
      <item path="ttrialdialogbackground.h" ex="false" tool="3" flavor2="0">
      </item>
      <item path="ttrialinputline.cpp" ex="false" tool="1" flavor2="0">
      </item>
      <item path="ttrialinputline.h" ex="false" tool="3" flavor2="0">
      </item>
      <item path="ttriallistbox.cpp" ex="false" tool="1" flavor2="0">
      </item>
      <item path="ttriallistbox.h" ex="false" tool="3" flavor2="0">
      </item>
      <item path="ttrialradiobuttons.cpp" ex="false" tool="1" flavor2="0">
      </item>
      <item path="ttrialradiobuttons.h" ex="false" tool="3" flavor2="0">
      </item>
      <item path="ttrialstatictext.cpp" ex="false" tool="1" flavor2="0">
      </item>
      <item path="ttrialstatictext.h" ex="false" tool="3" flavor2="0">
      </item>
      <item path="twinextmenu.cpp" ex="false" tool="1" flavor2="0">
      </item>
      <item path="twinextmenu.h" ex="false" tool="3" flavor2="0">
      </item>
      <item path="twinsizeindicator.cpp" ex="false" tool="1" flavor2="0">
      </item>
      <item path="twinsizeindicator.h" ex="false" tool="3" flavor2="0">
      </item>
      <item path="winputline.cpp" ex="false" tool="1" flavor2="0">
      </item>
      <item path="winputline.h" ex="false" tool="3" flavor2="0">
      </item>
    </conf>
    <conf name="Release" type="1">
      <toolsSet>
        <compilerSet>default</compilerSet>
        <dependencyChecking>true</dependencyChecking>
        <rebuildPropChanged>false</rebuildPropChanged>
      </toolsSet>
      <compileType>
        <cTool>
          <developmentMode>5</developmentMode>
        </cTool>
        <ccTool>
          <developmentMode>5</developmentMode>
        </ccTool>
        <fortranCompilerTool>
          <developmentMode>5</developmentMode>
        </fortranCompilerTool>
        <asmTool>
          <developmentMode>5</developmentMode>
        </asmTool>
      </compileType>
      <item path="common.cpp" ex="false" tool="1" flavor2="0">
      </item>
      <item path="common.h" ex="false" tool="3" flavor2="0">
      </item>
      <item path="main.cpp" ex="false" tool="1" flavor2="0">
      </item>
      <item path="multilang.h" ex="false" tool="3" flavor2="0">
      </item>
      <item path="rework/wstatictext.cpp" ex="false" tool="1" flavor2="0">
      </item>
      <item path="rework/wstatictext.h" ex="false" tool="3" flavor2="0">
      </item>
      <item path="tcolorfield.cpp" ex="false" tool="1" flavor2="0">
      </item>
      <item path="tcolorfield.h" ex="false" tool="3" flavor2="0">
      </item>
      <item path="tcomponentdialog.cpp" ex="false" tool="1" flavor2="0">
      </item>
      <item path="tcomponentdialog.h" ex="false" tool="3" flavor2="0">
      </item>
      <item path="tcustomdialog.cpp" ex="false" tool="1" flavor2="0">
      </item>
      <item path="tcustomdialog.h" ex="false" tool="3" flavor2="0">
      </item>
      <item path="tdialogdesigner.cpp" ex="false" tool="1" flavor2="0">
      </item>
      <item path="tdialogdesigner.h" ex="false" tool="3" flavor2="0">
      </item>
      <item path="tdialogproperties.cpp" ex="false" tool="1" flavor2="0">
      </item>
      <item path="tdialogproperties.h" ex="false" tool="3" flavor2="0">
      </item>
      <item path="tprg.cpp" ex="false" tool="1" flavor2="0">
      </item>
      <item path="tprg.h" ex="false" tool="3" flavor2="0">
      </item>
      <item path="trialdialog.cpp" ex="false" tool="1" flavor2="0">
      </item>
      <item path="trialdialog.h" ex="false" tool="3" flavor2="0">
      </item>
      <item path="tselectcolordialog.cpp" ex="false" tool="1" flavor2="0">
      </item>
      <item path="tselectcolordialog.h" ex="false" tool="3" flavor2="0">
      </item>
      <item path="tstatictextproperties.cpp" ex="false" tool="1" flavor2="0">
      </item>
      <item path="tstatictextproperties.h" ex="false" tool="3" flavor2="0">
      </item>
      <item path="ttrialbutton.cpp" ex="false" tool="1" flavor2="0">
      </item>
      <item path="ttrialbutton.h" ex="false" tool="3" flavor2="0">
      </item>
      <item path="ttrialcheckboxes.cpp" ex="false" tool="1" flavor2="0">
      </item>
      <item path="ttrialcheckboxes.h" ex="false" tool="3" flavor2="0">
      </item>
      <item path="ttrialdialogbackground.cpp" ex="false" tool="1" flavor2="0">
      </item>
      <item path="ttrialdialogbackground.h" ex="false" tool="3" flavor2="0">
      </item>
      <item path="ttrialinputline.cpp" ex="false" tool="1" flavor2="0">
      </item>
      <item path="ttrialinputline.h" ex="false" tool="3" flavor2="0">
      </item>
      <item path="ttriallistbox.cpp" ex="false" tool="1" flavor2="0">
      </item>
      <item path="ttriallistbox.h" ex="false" tool="3" flavor2="0">
      </item>
      <item path="ttrialradiobuttons.cpp" ex="false" tool="1" flavor2="0">
      </item>
      <item path="ttrialradiobuttons.h" ex="false" tool="3" flavor2="0">
      </item>
      <item path="ttrialstatictext.cpp" ex="false" tool="1" flavor2="0">
      </item>
      <item path="ttrialstatictext.h" ex="false" tool="3" flavor2="0">
      </item>
      <item path="twinextmenu.cpp" ex="false" tool="1" flavor2="0">
      </item>
      <item path="twinextmenu.h" ex="false" tool="3" flavor2="0">
      </item>
      <item path="twinsizeindicator.cpp" ex="false" tool="1" flavor2="0">
      </item>
      <item path="twinsizeindicator.h" ex="false" tool="3" flavor2="0">
      </item>
      <item path="winputline.cpp" ex="false" tool="1" flavor2="0">
      </item>
      <item path="winputline.h" ex="false" tool="3" flavor2="0">
      </item>
    </conf>
  </confs>
</configurationDescriptor>
